First Name,Last Name,Email,GPA
Dan,Hoang,danhoang@ucdavis.edu,3.0
John,Smith,jsmith@ucdavis.edu,3.78
Joey,Johnson,jjohnson@ucdavis.edu,2.2
Eddie,Jacobs,ejacobs4@ucdavis.edu,4.0
Jimmy,Graham,jgraham@ucdavis.edu,3.22
David,Davidson,ddavidson@ucdavis.edu,3.0
Peter,Peterson,ppeterson@ucdavis.edu,1.5
John,Johnson,jjohnson2@ucdavis.edu,3.5
Jack,Jackson,jjackson@ucdavis.edu,2.4
Ed,Edison,eedison@ucdavis.edu,2.7
Harry,Harrison,hharrison@ucdavis.edu,2.9
Larry,Larson,llarson@ucdavis.edu,3.0
